"","PlotID","MainPlotID","TreatmentID","Jun_Litter_Bio","Jun_Graminoids","Jun_Herbs","Jun_Dwarf_Shrub","Jun_TotalBiomass","Aug_Litter_Bio","Aug_Graminoids","Aug_Herbs","Aug_Dwarf_Shrub","Aug_TotalBiomass","August_regrowth_Litter_Bio","August_regrowth_Graminoids","August_regrowth_Herbs","August_regrowth_Dwarf_Shrub","August_regrowth_TotalBiomass","Site_id","TotC (%)_Litter_Bio","TotC (%)_Graminoids","TotC (%)_Herbs","TotC (%)_Dwarf_Shrub","TotN (%)_Litter_Bio","TotN (%)_Graminoids","TotN (%)_Herbs","TotN (%)_Dwarf_Shrub","TotH (%)_Litter_Bio","TotH (%)_Graminoids","TotH (%)_Herbs","TotH (%)_Dwarf_Shrub","CN_Litter_Bio","CN_Graminoids","CN_Herbs","CN_Dwarf_Shrub","B (mg/kg)_Litter_Bio","B (mg/kg)_Graminoids","B (mg/kg)_Herbs","B (mg/kg)_Dwarf_Shrub","Na (g/kg)_Litter_Bio","Na (g/kg)_Graminoids","Na (g/kg)_Herbs","Na (g/kg)_Dwarf_Shrub","Mg (g/kg)_Litter_Bio","Mg (g/kg)_Graminoids","Mg (g/kg)_Herbs","Mg (g/kg)_Dwarf_Shrub","Al (g/kg)_Litter_Bio","Al (g/kg)_Graminoids","Al (g/kg)_Herbs","Al (g/kg)_Dwarf_Shrub","P (g/kg)_Litter_Bio","P (g/kg)_Graminoids","P (g/kg)_Herbs","P (g/kg)_Dwarf_Shrub","S (g/kg)_Litter_Bio","S (g/kg)_Graminoids","S (g/kg)_Herbs","S (g/kg)_Dwarf_Shrub","K (g/kg)_Litter_Bio","K (g/kg)_Graminoids","K (g/kg)_Herbs","K (g/kg)_Dwarf_Shrub","Ca (g/kg)_Litter_Bio","Ca (g/kg)_Graminoids","Ca (g/kg)_Herbs","Ca (g/kg)_Dwarf_Shrub","Mn (g/kg)_Litter_Bio","Mn (g/kg)_Graminoids","Mn (g/kg)_Herbs","Mn (g/kg)_Dwarf_Shrub","Fe (g/kg)_Litter_Bio","Fe (g/kg)_Graminoids","Fe (g/kg)_Herbs","Fe (g/kg)_Dwarf_Shrub","Cu (mg/kg)_Litter_Bio","Cu (mg/kg)_Graminoids","Cu (mg/kg)_Herbs","Cu (mg/kg)_Dwarf_Shrub","Zn (g/kg)_Litter_Bio","Zn (g/kg)_Graminoids","Zn (g/kg)_Herbs","Zn (g/kg)_Dwarf_Shrub","Mo (mg/kg)_Litter_Bio","Mo (mg/kg)_Graminoids","Mo (mg/kg)_Herbs","Mo (mg/kg)_Dwarf_Shrub","PRS_NO3","PRS_NH4","PRS_Ca","PRS_Mg","PRS_K","PRS_P","PRS_Fe","PRS_Mn","PRS_Cu","PRS_Zn","PRS_B","PRS_S","PRS_Pb","PRS_Al","PRS_Cd"
"1","I1_Island_NG_1","I1_Island_NG","Island_NG",32.32,14.61,5.5883,23.98,44.1783,3.31521,10.76459,0.6102,3.4848,14.85959,0.102574566514311,0.736796025073265,0.109192417923297,0.145321100311422,0.336354951783217,"I1",NA,NA,NA,NA,NA,NA,NA,NA,NA,NA,NA,NA,NA,NA,NA,NA,NA,NA,NA,NA,NA,NA,NA,NA,NA,NA,NA,NA,NA,NA,NA,NA,NA,NA,NA,NA,NA,NA,NA,NA,NA,NA,NA,NA,NA,NA,NA,NA,NA,NA,NA,NA,NA,NA,NA,NA,NA,NA,NA,NA,NA,NA,NA,NA,NA,NA,NA,NA,NA,NA,NA,NA,NA,NA,NA,NA,NA,NA,NA,NA,NA,NA,NA
"2","I1_Island_NG_2","I1_Island_NG","Island_NG",14.5,8.9818,0.8088,13.92,23.7106,0.437325,4.942175,0.8341,2.8545,8.630775,0.0301603446195838,0.550243263597016,1.03128078248259,0.205064653699248,0.364004916096577,"I1",45,44.3,NA,50,0.9253,1.502,NA,1.405,5.31,6.1,NA,6.44,48.6328758240571,29.4940079893475,NA,35.5871886120996,3.9,3.6,NA,10,0.039,0.016,NA,0.026,0.44,0.71,NA,1.2,0.11,0.039,NA,0.12,0.9,2.6,NA,1.6,0.72,1.2,NA,1.4,1.6,13,NA,5.5,1.6,1.2,NA,5,0.19,0.12,NA,0.77,0.073,0.038,NA,0.03,3.4,3.3,NA,5.5,0.049,0.047,NA,0.044,0.21,0.32,NA,0.2,0.4,16.9,147,162.5,529.1,18.66,2.76,1.32,0.06,2.05,0.05,17.8,0.633,8.3,0.036
"3","I1_Island_NG_3","I1_Island_NG","Island_NG",5.5864,5.2765,13.42,19.99,38.6865,0,2.93055,2.3403,0.4193,5.69015,0,0.555396559169969,0.174388970384583,0.020975487638942,0.147083607596749,"I1",NA,NA,45.2,NA,NA,NA,2.087,NA,NA,NA,6.47,NA,NA,NA,21.6578821274557,NA,NA,NA,19,NA,NA,NA,0.055,NA,NA,NA,2.5,NA,NA,NA,0.076,NA,NA,NA,4,NA,NA,NA,1.2,NA,NA,NA,13,NA,NA,NA,5.4,NA,NA,NA,0.12,NA,NA,NA,0.051,NA,NA,NA,9.1,NA,NA,NA,0.057,NA,NA,NA,0.23,NA,NA,NA,NA,NA,NA,NA,NA,NA,NA,NA,NA,NA,NA,NA,NA
"4","I2_Island_NG_1","I2_Island_NG","Island_NG",13.31,15.79,1.5422,23.39,40.7222,0,5.67359,2.0743,1.3372,9.08509,0,0.359315387211429,1.34502649818269,0.0571697304097061,0.223099193503546,NA,NA,NA,NA,NA,NA,NA,NA,NA,NA,NA,NA,NA,NA,NA,NA,NA,NA,NA,NA,NA,NA,NA,NA,NA,NA,NA,NA,NA,NA,NA,NA,NA,NA,NA,NA,NA,NA,NA,NA,NA,NA,NA,NA,NA,NA,NA,NA,NA,NA,NA,NA,NA,NA,NA,NA,NA,NA,NA,NA,NA,NA,NA,NA,NA,NA,NA,NA,NA,NA,NA,NA,NA,NA,NA,NA,NA,NA,NA,NA,NA,NA,NA,NA
"5","I2_Island_NG_2","I2_Island_NG","Island_NG",7.2999,2.109,36.08,5.3724,43.5614,0,0.3648,1.0347,0.0232,1.4227,0,0.172972964771315,0.0286779378362585,0.00431836787435098,0.0326596481456986,NA,NA,NA,NA,NA,NA,NA,NA,NA,NA,NA,NA,NA,NA,NA,NA,NA,NA,NA,NA,NA,NA,NA,NA,NA,NA,NA,NA,NA,NA,NA,NA,NA,NA,NA,NA,NA,NA,NA,NA,NA,NA,NA,NA,NA,NA,NA,NA,NA,NA,NA,NA,NA,NA,NA,NA,NA,NA,NA,NA,NA,NA,NA,NA,NA,NA,NA,NA,NA,NA,NA,NA,NA,NA,NA,NA,NA,NA,NA,NA,NA,NA,NA,NA
"6","I2_Island_NG_3","I2_Island_NG","Island_NG",15.43,2.1171,25.21,22.852,50.1791,0.36055,0.5836,1.2884,0.6856,2.5576,0.0233668177357951,0.275660088061023,0.0511067034862884,0.0300017502625514,0.0509694274090818,"I2",48.1,45.4,44.7,50.3,1.212,1.428,2.482,1.005,6.16,6.47,5.7,6.43,39.6864686468647,31.7927170868347,18.0096696212732,50.0497512437811,10,4.9,16,10,0.046,0.02,0.3,0.067,1.2,0.9,5.3,1.2,0.2,0.04,0.11,0.13,0.85,1.4,2.4,1,0.83,0.86,1.4,0.88,1.5,11,18,3.9,9.9,2.5,14,5.2,0.84,0.56,0.27,2,0.1,0.037,0.045,0.025,5.4,3.7,6.4,5.4,0.075,0.04,0.072,0.031,0.14,0.14,0.16,0.045,0.6,3.4,744,669,285.6,3.3,120.85,8.36,0.066,11.79,0.3,12.2,2.734,37,0.122
"7","I4_Island_NG_1","I4_Island_NG","Island_NG",6.9953,14.067,1.8093,5.1039,20.9802,0,9.05612,2.8794,1.8834,13.81892,0,0.643784739860775,1.59144411698203,0.369011924821961,0.65866483323007,NA,NA,NA,NA,NA,NA,NA,NA,NA,NA,NA,NA,NA,NA,NA,NA,NA,NA,NA,NA,NA,NA,NA,NA,NA,NA,NA,NA,NA,NA,NA,NA,NA,NA,NA,NA,NA,NA,NA,NA,NA,NA,NA,NA,NA,NA,NA,NA,NA,NA,NA,NA,NA,NA,NA,NA,NA,NA,NA,NA,NA,NA,NA,NA,NA,NA,NA,NA,NA,NA,NA,NA,NA,NA,NA,NA,NA,NA,NA,NA,NA,NA,NA,NA
"8","I4_Island_NG_2","I4_Island_NG","Island_NG",2.21452,11.31852,6.08076,4.323,21.72228,0,5.10931,2.8461,0.1682,8.12361,0,0.451411487973591,0.468050038678553,0.0389081647256959,0.373975934506065,NA,NA,NA,NA,NA,NA,NA,NA,NA,NA,NA,NA,NA,NA,NA,NA,NA,NA,NA,NA,NA,NA,NA,NA,NA,NA,NA,NA,NA,NA,NA,NA,NA,NA,NA,NA,NA,NA,NA,NA,NA,NA,NA,NA,NA,NA,NA,NA,NA,NA,NA,NA,NA,NA,NA,NA,NA,NA,NA,NA,NA,NA,NA,NA,NA,NA,NA,NA,NA,NA,NA,NA,NA,NA,NA,NA,NA,NA,NA,NA,NA,NA,NA,NA
"9","I4_Island_NG_3","I4_Island_NG","Island_NG",9.7635,5.466,9.3612,1.1888,16.016,0,3.36603,5.293905,0.625,9.284935,0,0.615812282915985,0.565515632979579,0.525740198036659,0.579728705171524,"I4",45.2,44.8,43,49.6,1.351,1.674,2.665,1.463,6.27,6.49,5.34,6.52,33.4566987416728,26.7622461170848,16.1350844277674,33.9029391660971,11,4.8,20,9.5,0.04,0.018,0.2,0.041,1.5,0.71,6.5,1.5,0.19,0.025,0.2,0.13,1.2,1.9,3.7,1.6,1.1,1.2,2.4,1.2,2.3,14,17,5.1,13,1.7,23,6.4,0.27,0.15,0.12,1.9,0.098,0.039,0.048,0.03,4,4.4,6.6,5.7,0.089,0.031,0.033,0.044,0.18,0.16,0.098,0.046,8.3,4.2,1143,561.3,414.3,3.28,4.02,14.99,0.112,21,0.27,42.9,1.42,20.8,0.204
"10","M1_Mainland_G_1","M1_Mainland_G","Mainland_G",28.965,11.23,0.0529,16.1155,27.3984,0.29445,5.59455,0,1.6273,7.22185,0.0101657172098542,0.498178980425833,0,0.100977319344871,0.263586558837061,"M1",NA,NA,NA,NA,NA,NA,NA,NA,NA,NA,NA,NA,NA,NA,NA,NA,NA,NA,NA,NA,NA,NA,NA,NA,NA,NA,NA,NA,NA,NA,NA,NA,NA,NA,NA,NA,NA,NA,NA,NA,NA,NA,NA,NA,NA,NA,NA,NA,NA,NA,NA,NA,NA,NA,NA,NA,NA,NA,NA,NA,NA,NA,NA,NA,NA,NA,NA,NA,NA,NA,NA,NA,NA,NA,NA,NA,NA,NA,NA,NA,NA,NA,NA
"11","M1_Mainland_G_2","M1_Mainland_G","Mainland_G",22.198,10.28,0.0171,51.98,62.2771,0.38452,7.30588,0.015,0.822,8.14288,0.0173222812085671,0.710688709039993,0.877187852702616,0.0158137744982421,0.130752395132798,"M1",NA,NA,NA,NA,NA,NA,NA,NA,NA,NA,NA,NA,NA,NA,NA,NA,NA,NA,NA,NA,NA,NA,NA,NA,NA,NA,NA,NA,NA,NA,NA,NA,NA,NA,NA,NA,NA,NA,NA,NA,NA,NA,NA,NA,NA,NA,NA,NA,NA,NA,NA,NA,NA,NA,NA,NA,NA,NA,NA,NA,NA,NA,NA,NA,NA,NA,NA,NA,NA,NA,NA,NA,NA,NA,NA,NA,NA,NA,NA,NA,NA,NA,NA
"12","M1_Mainland_G_3","M1_Mainland_G","Mainland_G",30.56,23.34,0.2559,44.92,68.5159,0.9101,8.1599,0.2551,0.9972,9.4122,0.0297807590648535,0.349610109898843,0.996873389264013,0.0221994656674099,0.137372492899644,"M1",46.6,45.8,46.4,51.7,1.256,1.896,2.28,1.516,6.32,6.48,6.16,6.71,37.1019108280255,24.1561181434599,20.3508771929825,34.1029023746702,3.9,3.5,14,13,0.031,0.049,0.038,0.05,0.6,0.88,3.9,1.3,0.13,0.017,0.083,0.079,0.64,1,1.9,0.97,1,1.6,1.9,1,1.9,11,24,5.3,2.2,1.3,4.1,4.7,0.17,0.05,0.064,0.45,0.13,0.041,0.085,0.03,4.5,4.6,7.1,7.1,0.036,0.038,0.078,0.041,0.21,0.2,0.13,0.096,3.7,9.6,414,282.5,205.9,1.18,1499.27,1.36,0.144,8.69,0.57,77.9,1.596,160.8,0.076
"13","M1_Mainland_NG_1","M1_Mainland_NG","Mainland_NG",21.185,7.0085,0,21.745,28.7535,0,7.2112,0,1.6816,8.8928,0,1.02892200857641,0,0.0773327198099208,0.30927713040403,NA,NA,NA,NA,NA,NA,NA,NA,NA,NA,NA,NA,NA,NA,NA,NA,NA,NA,NA,NA,NA,NA,NA,NA,NA,NA,NA,NA,NA,NA,NA,NA,NA,NA,NA,NA,NA,NA,NA,NA,NA,NA,NA,NA,NA,NA,NA,NA,NA,NA,NA,NA,NA,NA,NA,NA,NA,NA,NA,NA,NA,NA,NA,NA,NA,NA,NA,NA,NA,NA,NA,NA,NA,NA,NA,NA,NA,NA,NA,NA,NA,NA,NA,NA
"14","M1_Mainland_NG_2","M1_Mainland_NG","Mainland_NG",6.2201,9.5212,0,11.79,21.3112,0.43286,3.89574,0,0.51,4.40574,0.0695905199339155,0.409164806860849,0,0.0432569970885751,0.206733547586558,"M1",47.7,46.7,NA,52.3,1.004,2.264,NA,1.204,6.46,6.56,NA,6.75,47.5099601593625,20.6272084805654,NA,43.4385382059801,3.3,3.8,NA,12,0.034,0.024,NA,0.083,0.46,1.2,NA,0.96,0.1,0.031,NA,0.067,0.42,1.5,NA,0.69,0.8,1.8,NA,1.1,1.4,10,NA,3.8,1.6,2.1,NA,3.6,0.11,0.12,NA,0.46,0.1,0.057,NA,0.058,3.9,7.3,NA,6.2,0.059,0.085,NA,0.035,0.66,0.52,NA,0.49,0,7.5,867,793,323.9,0.21,613.25,2.77,0.132,28.55,0.42,31.6,7.502,41.3,0.687
"15","M1_Mainland_NG_3","M1_Mainland_NG","Mainland_NG",20.8502,5.1188,0.0212,43.44,48.58,0.38008,3.42072,0.0516,0.909,4.38132,0.0182290816479982,0.668265986788584,2.43395078325102,0.02092541431647,0.0901877313911327,"M1",NA,NA,42.3,NA,NA,NA,2.57,NA,NA,NA,0.501,NA,NA,NA,16.4591439688716,NA,NA,NA,NA,NA,NA,NA,NA,NA,NA,NA,NA,NA,NA,NA,NA,NA,NA,NA,NA,NA,NA,NA,NA,NA,NA,NA,NA,NA,NA,NA,NA,NA,NA,NA,NA,NA,NA,NA,NA,NA,NA,NA,NA,NA,NA,NA,NA,NA,NA,NA,NA,NA,NA,NA,NA,NA,NA,NA,NA,NA,NA,NA,NA,NA,NA,NA,NA
"16","M2_Mainland_NG_1","M2_Mainland_NG","Mainland_NG",22.06,30.12,1.3485,1.2263,32.6948,9.738,22.722,1.0188,0.6188,24.3596,0.441432454934576,0.754382467614932,0.755506061883125,0.504607314310747,0.74506037429481,"M2",43.4,45.4,46.4,53.1,0.9847,1.956,2.678,1.126,5.42,6.42,6.24,6.85,44.074337361633,23.2106339468303,17.3263629574309,47.158081705151,2.7,3.5,11,8.2,0.03,0.024,0.088,0.044,0.47,0.92,4.6,1,0.13,0.015,0.084,0.064,0.33,1,1.7,0.81,0.79,1.6,2.6,0.99,1.7,14,25,4.5,1.6,1.3,5.1,3.3,0.25,0.25,0.47,1.2,0.088,0.042,0.046,0.02,2.7,5.1,6.1,5.5,0.039,0.036,0.076,0.023,0.36,0.42,0.28,0.1,0.4,19.2,1111,285.9,271.3,0.39,1170.44,32.19,0.328,8.71,0.78,50.7,7.106,189.9,0.05
"17","M2_Mainland_NG_2","M2_Mainland_NG","Mainland_NG",36.68,32.652,0.4013,36.458,69.5113,1.559,14.031,0,5.0409,19.0719,0.0425027261654779,0.429713339367532,0,0.138265949480866,0.274371216946926,NA,NA,NA,NA,NA,NA,NA,NA,NA,NA,NA,NA,NA,NA,NA,NA,NA,NA,NA,NA,NA,NA,NA,NA,NA,NA,NA,NA,NA,NA,NA,NA,NA,NA,NA,NA,NA,NA,NA,NA,NA,NA,NA,NA,NA,NA,NA,NA,NA,NA,NA,NA,NA,NA,NA,NA,NA,NA,NA,NA,NA,NA,NA,NA,NA,NA,NA,NA,NA,NA,NA,NA,NA,NA,NA,NA,NA,NA,NA,NA,NA,NA,NA,NA
"18","M2_Mainland_NG_3","M2_Mainland_NG","Mainland_NG",43.96,37.12,0.3043,1.5476,38.9719,0.907,17.233,0.0066,0.162,17.4016,0.0206323930376879,0.46425107633553,0.0216891154488612,0.104678204660235,0.446516591578762,NA,NA,NA,NA,NA,NA,NA,NA,NA,NA,NA,NA,NA,NA,NA,NA,NA,NA,NA,NA,NA,NA,NA,NA,NA,NA,NA,NA,NA,NA,NA,NA,NA,NA,NA,NA,NA,NA,NA,NA,NA,NA,NA,NA,NA,NA,NA,NA,NA,NA,NA,NA,NA,NA,NA,NA,NA,NA,NA,NA,NA,NA,NA,NA,NA,NA,NA,NA,NA,NA,NA,NA,NA,NA,NA,NA,NA,NA,NA,NA,NA,NA,NA,NA
"19","M2_Mainland_G_1","M2_Mainland_G","Mainland_G",24.92,23.22,0.0156,7.3129,30.5485,2.012,8.048,0,0.5088,8.5568,0.0807383624368444,0.34659775905858,0,0.0695756803788418,0.280105405240502,"M2",46,46.1,NA,51.9,1.071,1.878,NA,1.263,5.79,6.49,NA,6.87,42.9505135387488,24.5473908413206,NA,41.0926365795724,2.4,3,NA,13,0.033,0.057,NA,0.045,0.35,1.2,NA,1.1,0.1,0.0099,NA,0.074,0.46,1.1,NA,0.79,0.92,1.6,NA,0.99,1.1,9.2,NA,3.9,0.92,1.2,NA,4.8,0.06,0.083,NA,0.68,0.12,0.041,NA,0.033,3.6,6.1,NA,5.6,0.03,0.03,NA,0.029,0.66,0.64,NA,0.26,0,8.3,331,215.5,28.9,2.01,3163.11,1.18,0.116,6.61,1.54,55.8,1.84,143.9,0.108
"20","M2_Mainland_G_2","M2_Mainland_G","Mainland_G",79.303,51.357,0.2998,0.0735,51.7303,10.1375,30.4125,0.3748,0.1253,30.9126,0.127832490412932,0.592178280288611,1.25016636085178,1.70475958536111,0.597572408051814,"M2",NA,NA,NA,NA,NA,NA,NA,NA,NA,NA,NA,NA,NA,NA,NA,NA,NA,NA,NA,NA,NA,NA,NA,NA,NA,NA,NA,NA,NA,NA,NA,NA,NA,NA,NA,NA,NA,NA,NA,NA,NA,NA,NA,NA,NA,NA,NA,NA,NA,NA,NA,NA,NA,NA,NA,NA,NA,NA,NA,NA,NA,NA,NA,NA,NA,NA,NA,NA,NA,NA,NA,NA,NA,NA,NA,NA,NA,NA,NA,NA,NA,NA,NA
"21","M2_Mainland_G_3","M2_Mainland_G","Mainland_G",88.67,48.76,1.2814,2.4603,52.5017,3.9045,22.1255,0.4715,0.323,22.92,0.0440340588203067,0.453763329668246,0.36795689340121,0.131284797330212,0.43655729159902,"M2",NA,NA,44.3,NA,NA,NA,2.364,NA,NA,NA,5.82,NA,NA,NA,18.7394247038917,NA,NA,NA,13,NA,NA,NA,0.35,NA,NA,NA,5.8,NA,NA,NA,0.24,NA,NA,NA,3.3,NA,NA,NA,1.7,NA,NA,NA,17,NA,NA,NA,13,NA,NA,NA,0.21,NA,NA,NA,0.057,NA,NA,NA,5.8,NA,NA,NA,0.041,NA,NA,NA,0.5,NA,NA,NA,NA,NA,NA,NA,NA,NA,NA,NA,NA,NA,NA,NA,NA
"22","M3_Mainland_G_1","M3_Mainland_G","Mainland_G",81.58,24.82,0.5086,28.17,53.4986,1.745,15.705,0.0144,10.4,26.1194,0.0213900465538244,0.632755839513474,0.0283130105558375,0.369187077141686,0.48822585920337,"M3",45.5,44.5,NA,49.5,1.324,1.531,NA,1.387,5.43,6.4,NA,6.4,34.3655589123867,29.0659699542783,NA,35.6885364095169,4.3,3,NA,11,0.034,0.019,NA,0.025,1.1,0.84,NA,1.6,0.13,0.013,NA,0.17,1.1,2.2,NA,1.8,0.92,1.1,NA,1.1,2.2,15,NA,6.8,2.6,0.58,NA,4.1,0.52,0.15,NA,0.71,0.095,0.035,NA,0.031,4.1,3.2,NA,4.9,0.038,0.026,NA,0.04,0.35,0.41,NA,0.17,150.8,65.6,40,207.5,861.4,23.8,18.58,2.39,0.098,5.24,0,22.8,1.012,15.6,0.018
"23","M3_Mainland_G_2","M3_Mainland_G","Mainland_G",66.023,29.587,0,0.6181,30.2051,1.34877,24.89713,0,0.1379,25.03503,0.0204287899361907,0.841488826709404,0,0.223103021662672,0.828834531821333,NA,NA,NA,NA,NA,NA,NA,NA,NA,NA,NA,NA,NA,NA,NA,NA,NA,NA,NA,NA,NA,NA,NA,NA,NA,NA,NA,NA,NA,NA,NA,NA,NA,NA,NA,NA,NA,NA,NA,NA,NA,NA,NA,NA,NA,NA,NA,NA,NA,NA,NA,NA,NA,NA,NA,NA,NA,NA,NA,NA,NA,NA,NA,NA,NA,NA,NA,NA,NA,NA,NA,NA,NA,NA,NA,NA,NA,NA,NA,NA,NA,NA,NA,NA
"24","M3_Mainland_G_3","M3_Mainland_G","Mainland_G",63.168,54.813,0.4853,5.8912,61.1895,2.936,26.424,0.0412,3.3938,29.859,0.0464792299162879,0.482075419185092,0.0848959231617714,0.576079566538573,0.487975877416917,"M3",NA,NA,46,NA,NA,NA,2.541,NA,NA,NA,6.24,NA,NA,NA,18.1031090121999,NA,NA,NA,13,NA,NA,NA,0.043,NA,NA,NA,6.9,NA,NA,NA,0.042,NA,NA,NA,3.5,NA,NA,NA,1.7,NA,NA,NA,22,NA,NA,NA,4.1,NA,NA,NA,0.31,NA,NA,NA,0.054,NA,NA,NA,5.9,NA,NA,NA,0.033,NA,NA,NA,0.25,NA,NA,NA,NA,NA,NA,NA,NA,NA,NA,NA,NA,NA,NA,NA,NA
"25","M3_Mainland_NG_1","M3_Mainland_NG","Mainland_NG",25.0636,60.588,2.7267,9.1928,72.5075,3.188,28.692,2.817,1.5806,33.0896,0.127196411819545,0.473559119836339,1.03311691667155,0.1719389068408,0.456361065467212,"M3",46.2,45.7,NA,NA,2.312,1.952,NA,NA,5.58,5.79,NA,NA,19.9826989619377,23.4118852459016,NA,NA,6,3.8,NA,NA,0.15,0.25,NA,NA,1.8,1.4,NA,NA,0.11,0.024,NA,NA,1.9,1.9,NA,NA,2,1.6,NA,NA,9.2,14,NA,NA,3,1.4,NA,NA,0.64,0.32,NA,NA,0.12,0.048,NA,NA,6.2,5.2,NA,NA,0.097,0.049,NA,NA,0.33,0.25,NA,NA,NA,NA,NA,NA,NA,NA,NA,NA,NA,NA,NA,NA,NA,NA,NA
"26","M3_Mainland_NG_2","M3_Mainland_NG","Mainland_NG",16.958,53.772,0.5532,0,54.3252,4.156,37.404,1.2297,0.1123,38.746,0.245076068846114,0.695603658603727,2.222884630715,1123000,0.713223327823509,NA,NA,NA,NA,NA,NA,NA,NA,NA,NA,NA,NA,NA,NA,NA,NA,NA,NA,NA,NA,NA,NA,NA,NA,NA,NA,NA,NA,NA,NA,NA,NA,NA,NA,NA,NA,NA,NA,NA,NA,NA,NA,NA,NA,NA,NA,NA,NA,NA,NA,NA,NA,NA,NA,NA,NA,NA,NA,NA,NA,NA,NA,NA,NA,NA,NA,NA,NA,NA,535,49.6,525,482.7,340.1,1.27,182.22,17.38,0.204,33.17,0.22,65.9,2.388,187.5,0.132
"27","M3_Mainland_NG_3","M3_Mainland_NG","Mainland_NG",37.985,33.475,0.7654,0.6759,34.9163,1.3115,24.9185,0.2312,1.1405,26.2902,0.0345267867986658,0.744391334594798,0.302064240650086,1.68737954026046,0.752949193491438,"M3",NA,NA,47.5,50.1,NA,NA,2.572,1.354,NA,NA,6.33,6.45,NA,NA,18.4681181959565,37.0014771048744,NA,NA,12,9.2,NA,NA,0.11,0.068,NA,NA,3.4,1,NA,NA,0.088,0.13,NA,NA,2.3,1.6,NA,NA,2,0.98,NA,NA,13,4.5,NA,NA,4.3,5.1,NA,NA,0.65,1.1,NA,NA,0.11,0.036,NA,NA,6.7,6.3,NA,NA,0.11,0.073,NA,NA,0.4,0.091,NA,NA,NA,NA,NA,NA,NA,NA,NA,NA,NA,NA,NA,NA,NA
"28","M7_Mainland_G_1","M7_Mainland_G","Mainland_G",40.227,32.913,0,5.079,37.992,3.0495,17.2805,0.01,0.0644,17.3549,0.0758072934203214,0.525035698584038,1e+05,0.0126796611010108,0.456804062811107,NA,NA,NA,NA,NA,NA,NA,NA,NA,NA,NA,NA,NA,NA,NA,NA,NA,NA,NA,NA,NA,NA,NA,NA,NA,NA,NA,NA,NA,NA,NA,NA,NA,NA,NA,NA,NA,NA,NA,NA,NA,NA,NA,NA,NA,NA,NA,NA,NA,NA,NA,NA,NA,NA,NA,NA,NA,NA,NA,NA,NA,NA,NA,NA,NA,NA,NA,NA,NA,NA,NA,NA,NA,NA,NA,NA,NA,NA,NA,NA,NA,NA,NA,NA
"29","M7_Mainland_G_2","M7_Mainland_G","Mainland_G",39.71,17.2,0.326,34.89,52.416,2.4285,13.7615,0.247,0.2601,14.2686,0.0611558799769431,0.800087204650656,0.757668479242798,0.00745485810417066,0.272218406074064,"M7",45.4,46,45.5,50.8,1.098,1.954,3.677,1.405,5.43,6.4,6.17,6.44,41.3479052823315,23.5414534288639,12.3742181125918,36.1565836298932,1.9,2.5,21,9.8,0.054,0.088,0.19,0.043,0.2,0.65,4.8,0.85,0.4,0.06,0.11,0.22,0.38,1,3.1,0.88,0.91,1.7,2.9,1,1.3,8.4,19,4.6,0.48,0.88,4.1,4.5,0.021,0.062,0.047,0.5,0.18,0.056,0.076,0.08,3.2,5.4,11,7.8,0.022,0.032,0.071,0.05,0.33,0.47,0.58,0.1,49.7,11.9,127,70.9,220.5,0.89,2683.5,1.5,0.153,5.33,1.35,70.2,3.48,255.5,0.117
"30","M7_Mainland_G_3","M7_Mainland_G","Mainland_G",26.257,21.483,0,0.5277,22.0107,1.806,16.254,0.0073,0.3973,16.6586,0.068781657962518,0.756598236947362,73000,0.752889756890325,0.756840987534059,NA,NA,NA,NA,NA,NA,NA,NA,NA,NA,NA,NA,NA,NA,NA,NA,NA,NA,NA,NA,NA,NA,NA,NA,NA,NA,NA,NA,NA,NA,NA,NA,NA,NA,NA,NA,NA,NA,NA,NA,NA,NA,NA,NA,NA,NA,NA,NA,NA,NA,NA,NA,NA,NA,NA,NA,NA,NA,NA,NA,NA,NA,NA,NA,NA,NA,NA,NA,NA,NA,NA,NA,NA,NA,NA,NA,NA,NA,NA,NA,NA,NA,NA,NA
"31","M7_Mainland_NG_1","M7_Mainland_NG","Mainland_NG",43.932,25.627,0.6637,8.6066,34.8973,2.852,25.668,1.4642,0.5856,27.7178,0.0649185102774322,1.00159987122332,2.20611688923958,0.0680408051025863,0.7942677490973,"M7",NA,NA,NA,NA,NA,NA,NA,NA,NA,NA,NA,NA,NA,NA,NA,NA,NA,NA,NA,NA,NA,NA,NA,NA,NA,NA,NA,NA,NA,NA,NA,NA,NA,NA,NA,NA,NA,NA,NA,NA,NA,NA,NA,NA,NA,NA,NA,NA,NA,NA,NA,NA,NA,NA,NA,NA,NA,NA,NA,NA,NA,NA,NA,NA,NA,NA,NA,NA,NA,NA,NA,NA,NA,NA,NA,NA,NA,NA,NA,NA,NA,NA,NA
"32","M7_Mainland_NG_2","M7_Mainland_NG","Mainland_NG",62.45,20.79,0.096,0.5486,21.4346,5.278,21.112,0.119,0.248,21.479,0.0845156123546588,1.01548821060371,1.23958204210204,0.452059706150254,1.00207141256626,"M7",44.7,45.4,NA,NA,1.214,1.837,NA,NA,4.43,6.44,NA,NA,36.8204283360791,24.7142079477409,NA,NA,1.9,2.3,NA,NA,0.071,0.14,NA,NA,0.26,0.63,NA,NA,0.54,0.054,NA,NA,0.54,1.2,NA,NA,1,1.7,NA,NA,1.7,10,NA,NA,0.61,0.87,NA,NA,0.042,0.091,NA,NA,0.2,0.041,NA,NA,4.1,4.6,NA,NA,0.15,0.095,NA,NA,0.31,0.4,NA,NA,80.2,20.3,373,167.5,272.9,1.31,1106.43,7.27,0.535,65.86,0.44,115.3,8.683,378.1,0.204
"33","M7_Mainland_NG_3","M7_Mainland_NG","Mainland_NG",38.367,34.689,0.321,27.714,62.724,3.9435,22.3465,0.0673,2.2878,24.7016,0.102783641924613,0.644195564460793,0.209657255558487,0.0825503352726047,0.393814169386815,"M7",NA,NA,46.8,50,NA,NA,3.387,1.16,NA,NA,6.29,6.43,NA,NA,13.8175376439327,43.1034482758621,NA,NA,21,8.6,NA,NA,0.052,0.054,NA,NA,2.2,0.88,NA,NA,0.084,0.14,NA,NA,3.5,1,NA,NA,2.3,0.95,NA,NA,31,5.2,NA,NA,3.6,3.4,NA,NA,0.19,0.42,NA,NA,0.078,0.023,NA,NA,14,7.1,NA,NA,0.17,0.072,NA,NA,0.54,0.075,NA,NA,NA,NA,NA,NA,NA,NA,NA,NA,NA,NA,NA,NA,NA
"34","M9_Mainland_G_1","M9_Mainland_G","Mainland_G",20.85,14.29,0.2285,4.6945,19.213,1.901,17.109,0.1705,0.844,18.1235,0.0911750595147479,1.19727081037599,0.746170351785404,0.179784850787414,0.943293598379776,"M9",43.7,45.4,NA,54,1.174,2.151,NA,1.866,5.13,6.51,NA,6.92,37.2231686541738,21.1064621106462,NA,28.9389067524116,3.1,2.6,NA,12,0.076,0.032,NA,0.067,0.31,0.71,NA,1.3,0.2,0.041,NA,0.31,0.65,1.5,NA,1.5,0.93,1.7,NA,1.2,2.1,10,NA,5.4,0.81,0.9,NA,6.6,0.091,0.1,NA,2.3,0.12,0.043,NA,0.036,3.4,4.9,NA,7.5,0.028,0.029,NA,0.06,0.28,0.34,NA,0.083,0.2,26,221,112.8,939,0.67,238.57,5.83,0.186,7.93,0.64,125.7,2.318,86,0.14
"35","M9_Mainland_G_2","M9_Mainland_G","Mainland_G",33.3313,26.9721,0.1097,5.4347,32.5165,7.322,29.288,0.1146,2.2152,31.6178,0.219673399418344,1.08586279494046,1.04466632209086,0.407602988065524,0.972361721057427,"M9",NA,NA,NA,NA,NA,NA,NA,NA,NA,NA,NA,NA,NA,NA,NA,NA,NA,NA,NA,NA,NA,NA,NA,NA,NA,NA,NA,NA,NA,NA,NA,NA,NA,NA,NA,NA,NA,NA,NA,NA,NA,NA,NA,NA,NA,NA,NA,NA,NA,NA,NA,NA,NA,NA,NA,NA,NA,NA,NA,NA,NA,NA,NA,NA,NA,NA,NA,NA,NA,NA,NA,NA,NA,NA,NA,NA,NA,NA,NA,NA,NA,NA,NA
"36","M9_Mainland_G_3","M9_Mainland_G","Mainland_G",48.404,26.296,0.3319,0,26.6279,11.105,33.315,0.5428,0.1713,34.0291,0.229423187692292,1.26692272107194,1.63543186639594,1713000,1.27794906365899,"M9",NA,NA,46.3,NA,NA,NA,3.175,NA,NA,NA,6.41,NA,NA,NA,14.5826771653543,NA,NA,NA,11,NA,NA,NA,0.047,NA,NA,NA,4.1,NA,NA,NA,0.074,NA,NA,NA,2.4,NA,NA,NA,2.8,NA,NA,NA,24,NA,NA,NA,3.1,NA,NA,NA,0.26,NA,NA,NA,0.095,NA,NA,NA,7.7,NA,NA,NA,0.074,NA,NA,NA,0.25,NA,NA,NA,NA,NA,NA,NA,NA,NA,NA,NA,NA,NA,NA,NA,NA
"37","M9_Mainland_NG_1","M9_Mainland_NG","Mainland_NG",17.64,8.4896,0.298,3.186,11.9736,3.771,17.9585,0.2605,4.4034,22.6224,0.213775508992202,2.11535287745768,0.87416078048296,1.38210918449124,1.88935656870652,"M9",NA,NA,NA,NA,NA,NA,NA,NA,NA,NA,NA,NA,NA,NA,NA,NA,NA,NA,NA,NA,NA,NA,NA,NA,NA,NA,NA,NA,NA,NA,NA,NA,NA,NA,NA,NA,NA,NA,NA,NA,NA,NA,NA,NA,NA,NA,NA,NA,NA,NA,NA,NA,NA,NA,NA,NA,NA,NA,NA,NA,NA,NA,NA,NA,NA,NA,NA,NA,169.6,2.5,380,246.3,556.1,1.06,14.03,2.03,0.13,13.97,0.07,60.9,6.318,215.7,0.271
"38","M9_Mainland_NG_2","M9_Mainland_NG","Mainland_NG",34.05,22.5,1.85,0.5445,24.8945,5.1075,28.9425,0.8142,0.2008,29.9575,0.149999999559471,1.2863333276163,0.440108084318482,0.368778628323484,1.20337825140743,"M9",45.3,45.1,45.9,49.9,1.214,1.695,2.568,1.806,5.47,6.5,6.51,6.44,37.3146622734761,26.6076696165192,17.8738317757009,27.6301218161683,2.9,3.3,20,18,0.048,0.027,0.037,0.053,0.48,0.83,2.2,1.6,0.11,0.012,0.03,0.19,0.68,1.4,1.9,1.7,0.89,1.5,1.6,1.3,1.7,11,26,5.6,1.2,1.1,2.4,5.9,0.12,0.091,0.07,0.99,0.11,0.029,0.05,0.033,3.7,4,10,7.5,0.048,0.045,0.041,0.053,0.4,0.43,0.56,0.14,NA,NA,NA,NA,NA,NA,NA,NA,NA,NA,NA,NA,NA,NA,NA
"39","M9_Mainland_NG_3","M9_Mainland_NG","Mainland_NG",53.5554,22.1326,0,6.6597,28.7923,2.721,15.419,0,2.8996,18.3186,0.0508072014198247,0.696664645379826,0,0.435394981224455,0.63623260164616,NA,NA,NA,NA,NA,NA,NA,NA,NA,NA,NA,NA,NA,NA,NA,NA,NA,NA,NA,NA,NA,NA,NA,NA,NA,NA,NA,NA,NA,NA,NA,NA,NA,NA,NA,NA,NA,NA,NA,NA,NA,NA,NA,NA,NA,NA,NA,NA,NA,NA,NA,NA,NA,NA,NA,NA,NA,NA,NA,NA,NA,NA,NA,NA,NA,NA,NA,NA,NA,NA,NA,NA,NA,NA,NA,NA,NA,NA,NA,NA,NA,NA,NA,NA
"40","M10_Mainland_G_1","M10_Mainland_G","Mainland_G",53.27,17.01,0.1124,22.45,39.5724,10.864,16.296,0,0.524,16.82,0.203942180957495,0.958024685725898,0,0.0233407571343396,0.425043716264256,"M10",44.6,45.4,46.3,50.7,1.303,2.065,2.987,1.842,5.35,6.46,5.77,6.53,34.2287029930929,21.9854721549637,15.5005021760964,27.5244299674267,2,2.6,NA,14,0.12,0.063,NA,0.1,0.25,0.67,NA,1,0.24,0.053,NA,0.15,0.5,1.3,NA,1.5,0.99,1.6,NA,1.3,1.5,10,NA,6.6,0.5,0.64,NA,4.3,0.052,0.075,NA,1.2,0.14,0.037,NA,0.037,3.9,4.6,NA,8,0.024,0.03,NA,0.075,0.44,0.52,NA,0.28,0,12.7,487,280.6,550.1,1.27,171.89,1.67,0.144,19.3,0.43,113.8,10.332,167.6,0.297
"41","M10_Mainland_G_2","M10_Mainland_G","Mainland_G",24.4008,7.0241,0,4.6273,11.6514,2.83107,6.60583,0.006,0.7338,7.34563,0.116023654486641,0.940452144182854,60000,0.158580594329726,0.630450412564581,NA,NA,NA,NA,NA,NA,NA,NA,NA,NA,NA,NA,NA,NA,NA,NA,NA,NA,NA,NA,NA,NA,NA,NA,NA,NA,NA,NA,NA,NA,NA,NA,NA,NA,NA,NA,NA,NA,NA,NA,NA,NA,NA,NA,NA,NA,NA,NA,NA,NA,NA,NA,NA,NA,NA,NA,NA,NA,NA,NA,NA,NA,NA,NA,NA,NA,NA,NA,NA,NA,NA,NA,NA,NA,NA,NA,NA,NA,NA,NA,NA,NA,NA,NA
"42","M10_Mainland_G_3","M10_Mainland_G","Mainland_G",19.878,9.939,0,6.2431,16.1821,2.11972,3.17958,0,0.4376,3.61718,0.106636482007061,0.319909444411818,0,0.0700933819722032,0.223529701191256,NA,NA,NA,NA,NA,NA,NA,NA,NA,NA,NA,NA,NA,NA,NA,NA,NA,NA,NA,NA,NA,NA,NA,NA,NA,NA,NA,NA,NA,NA,NA,NA,NA,NA,NA,NA,NA,NA,NA,NA,NA,NA,NA,NA,NA,NA,NA,NA,NA,NA,NA,NA,NA,NA,NA,NA,NA,NA,NA,NA,NA,NA,NA,NA,NA,NA,NA,NA,NA,NA,NA,NA,NA,NA,NA,NA,NA,NA,NA,NA,NA,NA,NA,NA
"43","M10_Mainland_NG_1","M10_Mainland_NG","Mainland_NG",41.39,17.62,0.2466,4.5505,22.4171,4.299,10.031,0,1.7505,11.7815,0.103865667784814,0.56929625102556,0,0.384682993414284,0.525558611392381,"M10",43.8,44.6,NA,50.3,1.112,1.522,NA,1.512,4.68,6.41,NA,6.48,39.3884892086331,29.3035479632063,NA,33.2671957671958,2.2,2.5,NA,13,0.042,0.024,NA,0.032,0.41,0.66,NA,1.2,0.081,0.049,NA,0.14,0.81,1.8,NA,1.5,0.76,1.2,NA,1.2,2,10,NA,5.1,1,0.78,NA,4.6,0.086,0.057,NA,0.9,0.094,0.033,NA,0.03,3.1,3.2,NA,8.1,0.029,0.027,NA,0.057,0.25,0.39,NA,0.15,2.3,10.3,675,472.1,720.4,2.5,4.56,2.16,0.094,24.86,0.29,60.3,3.698,73.2,0.445
"44","M10_Mainland_NG_2","M10_Mainland_NG","Mainland_NG",28.1745,31.305,0.5056,4.9746,36.7852,1.9635,11.1265,0.6991,0.5991,12.4247,0.0696906774931563,0.355422455341248,1.38271333411524,0.120431791090102,0.337763556164535,"M10",NA,NA,NA,NA,NA,NA,NA,NA,NA,NA,NA,NA,NA,NA,NA,NA,NA,NA,NA,NA,NA,NA,NA,NA,NA,NA,NA,NA,NA,NA,NA,NA,NA,NA,NA,NA,NA,NA,NA,NA,NA,NA,NA,NA,NA,NA,NA,NA,NA,NA,NA,NA,NA,NA,NA,NA,NA,NA,NA,NA,NA,NA,NA,NA,NA,NA,NA,NA,NA,NA,NA,NA,NA,NA,NA,NA,NA,NA,NA,NA,NA,NA,NA
"45","M10_Mainland_NG_3","M10_Mainland_NG","Mainland_NG",28.6405,49.098,0.5405,5.4746,55.1131,1.306,11.754,1.0212,0.7024,13.4776,0.0455997624147631,0.239398753025788,1.88936135256959,0.128301608733029,0.244544400070864,"M10",NA,NA,45.7,NA,NA,NA,2.903,NA,NA,NA,6.18,NA,NA,NA,15.7423355149845,NA,NA,NA,19,NA,NA,NA,0.02,NA,NA,NA,2.1,NA,NA,NA,0.035,NA,NA,NA,2.6,NA,NA,NA,1.7,NA,NA,NA,31,NA,NA,NA,3.3,NA,NA,NA,0.15,NA,NA,NA,0.057,NA,NA,NA,9.3,NA,NA,NA,0.032,NA,NA,NA,0.36,NA,NA,NA,NA,NA,NA,NA,NA,NA,NA,NA,NA,NA,NA,NA,NA
